[
  {
    "value": "Google",
    "synonyms": [
      "Google"
    ]
  },
  {
    "value": "Firebase",
    "synonyms": [
      "Firebase"
    ]
  },
  {
    "value": "Google Cloud",
    "synonyms": [
      "Google Cloud"
    ]
  },
  {
    "value": "Dialogflow",
    "synonyms": [
      "Dialogflow"
    ]
  },
  {
    "value": "GSuite",
    "synonyms": [
      "GSuite"
    ]
  },
  {
    "value": "YouTube",
    "synonyms": [
      "YouTube"
    ]
  },
  {
    "value": "Android",
    "synonyms": [
      "Android"
    ]
  },
  {
    "value": "Nest",
    "synonyms": [
      "Nest"
    ]
  },
  {
    "value": "X Labs",
    "synonyms": [
      "X Labs"
    ]
  },
  {
    "value": "Deepmind",
    "synonyms": [
      "Deepmind"
    ]
  },
  {
    "value": "Waymo",
    "synonyms": [
      "Waymo"
    ]
  },
  {
    "value": "Adsense",
    "synonyms": [
      "Adsense"
    ]
  },
  {
    "value": "Analytics",
    "synonyms": [
      "Analytics"
    ]
  },
  {
    "value": "Search",
    "synonyms": [
      "Search"
    ]
  },
  {
    "value": "Gmail",
    "synonyms": [
      "Gmail"
    ]
  },
  {
    "value": "Drive",
    "synonyms": [
      "Drive"
    ]
  },
  {
    "value": "Admob",
    "synonyms": [
      "Admob"
    ]
  },
  {
    "value": "Google Assistant",
    "synonyms": [
      "Google Assistant"
    ]
  },
  {
    "value": "Earth",
    "synonyms": [
      "Earth"
    ]
  },
  {
    "value": "Maps",
    "synonyms": [
      "Maps"
    ]
  },
  {
    "value": "Fiber",
    "synonyms": [
      "Fiber"
    ]
  },
  {
    "value": "Hangouts",
    "synonyms": [
      "Hangouts"
    ]
  },
  {
    "value": "Brain",
    "synonyms": [
      "Brain"
    ]
  },
  {
    "value": "None",
    "synonyms": [
      "None"
    ]
  }
]