[
  {
    "value": "Infra",
    "synonyms": [
      "Infra",
      "modernization",
      "Infrastructure"
    ]
  },
  {
    "value": "Hybrid",
    "synonyms": [
      "Hybrid",
      "Anthos",
      "Containers"
    ]
  },
  {
    "value": "Data\u0026Analytics",
    "synonyms": [
      "Data\u0026Analytics",
      "Analytics",
      "Big Data"
    ]
  },
  {
    "value": "Data Management",
    "synonyms": [
      "Data Management",
      "Databases",
      "MySQL",
      "SQL",
      "database technology"
    ]
  },
  {
    "value": "Security",
    "synonyms": [
      "Security",
      "Legal"
    ]
  },
  {
    "value": "Networking",
    "synonyms": [
      "Networking"
    ]
  },
  {
    "value": "AI / ML",
    "synonyms": [
      "AI / ML",
      "Machine Learning",
      "AI",
      "AI \u0026 Machine Learning",
      "AI and Machine Learning",
      "Tensorflow",
      "Dialogflow",
      "Chatbots",
      "Conversational AI"
    ]
  },
  {
    "value": "G Suite",
    "synonyms": [
      "GSuite",
      "G Suite",
      "Gmail",
      "Google Docs",
      "Google for Work",
      "Google Apps",
      "Apps for Work"
    ]
  },
  {
    "value": "SAP",
    "synonyms": [
      "SAP",
      "sap",
      "S.A.P."
    ]
  }
]