[
  {
    "value": "Mobile",
    "synonyms": [
      "Mobile"
    ]
  },
  {
    "value": "Cloud",
    "synonyms": [
      "Cloud"
    ]
  },
  {
    "value": "Conversational",
    "synonyms": [
      "Conversational",
      "Conversational AI",
      "Chatbots"
    ]
  },
  {
    "value": "AI",
    "synonyms": [
      "AI",
      "Machine Learning",
      "AI \u0026 Maching Learning",
      "AI \u0026 ML"
    ]
  },
  {
    "value": "General",
    "synonyms": [
      "General"
    ]
  },
  {
    "value": "Products",
    "synonyms": [
      "Products"
    ]
  },
  {
    "value": "Other",
    "synonyms": [
      "Other"
    ]
  }
]